acetone_liquid,ethanol,electricity
10608.762093275853,10478.897312985064,153.0262373677469
9755.332711469784,9041.396964482932,152.59235867691308
9183.205591046162,10025.069296421676,153.84543978095599
9356.886255052194,9928.555739351768,152.211504444833
9378.182766432688,10588.952066639886,151.35337898447577
9374.833021450244,9992.582546894428,152.74926910792004
10004.436405387574,10247.084928386988,153.81884985331502
10779.995018353866,9994.015837239234,152.07442236760934
9916.1633797193,10245.545122925623,152.33811085047518
10508.827208043202,10793.089057137138,152.21425810348984
10434.50696744173,9076.836052637846,152.96810621462527
9778.687868141895,9464.07423863174,154.04754463588014
9676.32908230635,9991.657012132475,152.06245004323245
10109.21849018372,10003.018711864153,151.71427892213612
8902.066267966156,9260.758968932165,151.70566551317987
10413.2207534619,10065.012962442295,152.32149503799985
9479.556716618916,9291.38130491962,151.2828848909899
10442.87669399406,8869.31269662247,152.1197519835005
9177.034646100621,9554.819995612845,152.23193447772348
10225.880525552991,10469.771925100393,152.0856288915345
9310.244657290894,9263.71630690828,151.35277356687027
9701.511085027309,9497.924999593031,151.61408309604627
9553.702697108618,8882.722521545944,152.04855425357363
9718.827038333242,10362.351403386281,153.39617579706945
8880.781739044398,10487.333249238995,154.3034074916144
10077.730949634612,9404.713631021203,152.03018610003286
9820.49975198222,9736.720438109092,152.26623862917575
9109.466885181766,10700.695072807044,153.72497648544655
9380.365422377266,9017.612565469997,151.88600732671597
8917.157663954587,10645.28485055167,152.27797899379092
9375.11663078926,10755.597711412061,151.63148503687336
10359.446972544203,10124.788440649805,152.52735454143365
10509.191840177655,9862.993004723718,151.30670366192945
8878.206785113738,10194.438546769183,153.74550302287696
10273.197234206842,9178.825586056844,151.7873377186488
10180.158225175594,8894.568075608759,150.84838006069774
10236.777222836961,10775.221163472834,154.30896850470813
9426.710358629422,9006.115237602713,152.72157351263795
9677.848502299683,9050.966161813929,153.01526532673776
10285.220641750393,9063.796552645534,153.2577041692797
10684.823877147937,9823.114355518439,152.6827615837422
9852.068170317,9874.778412378111,152.9409689229418
10104.619077328345,9390.729244253012,152.58951393670475
9301.53563680516,10155.939607203052,153.53887050769092
10544.165117168326,10565.438053024645,149.29288723547998
8996.512064467497,9481.229027646341,151.94018778398336
9113.688035220288,9026.071652766303,150.95350424444166
10130.472276229866,9420.378079355181,152.4276702989494
9670.877721450262,10160.910151328062,150.94894207691064
10069.189523024452,10323.321862591603,151.12442463441965
10666.60441589072,9115.573622253563,154.14685189785249
8932.823915091176,10648.598542796657,152.36593950668586
8888.25796633878,9995.790975323793,153.75001306080463
9889.204192386867,10597.448074985723,151.67474330921974
9458.763849678146,9015.630773397412,150.85554193859207
10010.735979667388,8879.701480898219,153.65923920896594
9522.264870690275,10115.354459816099,151.9738755465345
9396.92440982426,9073.916784286144,153.31548017415557
10113.555359467355,10733.44672101003,153.29886456125374
8910.124773747328,9782.219362600295,154.19338321181976
10340.271837043774,10587.90490870222,153.35230291981796
9341.898254746708,9813.335104146576,153.43661262007458
9660.564711162378,9192.621493480392,151.04659656479726
9178.032559393343,9247.975869373064,153.84960431712952
9632.77120442756,9996.65347774807,154.2262799160798
10054.177468956854,10571.977290127157,151.94913918404845
9159.123585229656,10651.999319751856,152.5497140931127
9520.055385149144,9370.126465504254,153.19440553346735
8949.645927280086,8993.108031434946,152.75136103284697
10823.346153895336,8943.588057345709,153.69865561098447
9294.451903911839,8926.810107418269,152.22941204016624
10648.052883979273,9067.21242594981,152.39274768704425
10185.011433879368,9628.907409919031,153.2096946368325
10242.107358764415,10081.123011012918,154.25348453810756
9837.349637486797,9880.826909289877,152.3701504084593
10146.604135431739,10797.822737090028,151.99210112566695
9907.245334365449,9589.637675346237,152.7387386374215
9339.90657781544,9735.521088311934,153.38940686538547
10618.647482338842,9680.530328385255,152.5260679926518
9453.524726376434,10125.467063121449,154.17092158522638
9298.698123988084,9831.834200042247,153.26444491922769
9892.531246481234,10523.308640143608,152.1688901607945
9760.336139680867,10673.035127297093,151.36900300751014
9726.888277824226,10097.41617554441,151.8523232149003
9103.952265776357,9734.100508248352,150.74777941238068
10730.14622692466,9834.418415333661,151.32626656292
10535.026374728168,10761.51435224149,153.12714130799515
10579.548406234897,10358.099068249147,153.47858401073134
9716.365768697058,10803.10116261076,152.56719324977232
10291.345210702393,9085.019607749311,151.6678269396859
9984.808929693354,9628.85693131581,151.6510646709734
10640.923014896545,9295.987871428973,151.44280500322702
9249.910453203873,9943.636722369667,151.10637444444984
10004.777510913023,10003.458804884274,152.9152402025275
9746.742476679583,10034.493088201563,153.02962574384324
8924.171147708734,9240.031641036789,153.76942478285702
9253.569298391993,9816.42232523459,151.7568595284757
9891.688945504999,10219.280052700069,152.79572083046173
9184.262025090371,10150.828156704221,153.3769718850676
10738.170043088636,10654.840011480324,152.05608495752145
10840.947932707513,10762.733164790625,152.98270012773057
9107.002371462519,9409.966856284149,153.48282456541978
10595.708045596097,9947.989314999671,153.2387115299144
9641.643109503619,10274.183804541968,151.9903958270543
8894.465288753332,10039.267194759817,152.06213021699375
9285.623374903374,9205.312608316282,151.78768772812987
8878.032594247748,10770.568666494266,150.90079300505252
9402.24991968546,10337.767312756254,153.343559236396
10118.87118271758,8869.013375551234,153.4181331657311
10532.528848023114,9976.747759166738,150.3958666107259
9962.695755073983,9991.465105627369,153.94397560556268
9984.441287309142,10324.864477977046,152.6243372779021
10330.422534970996,8996.079455332956,151.48109657722773
10319.714083296245,10613.747011964906,152.1388226649785
10842.414096007828,10783.684098468484,152.6652679804893
9459.572652476543,9762.416106651446,152.11322621375163
10026.939477876227,10232.142655224323,151.2873214314005
10742.176426202355,10120.542027835207,152.53692892702168
10217.146279882681,9190.832904430677,152.94446745475898
10383.267887419202,8993.285485870523,150.4452170193923
9190.454171333895,9945.37648272465,152.38362868212917
8935.114300116144,9147.949271317499,152.28850070477642
9819.601960162794,9434.810951319232,153.5235734432713
8903.29196092298,10143.185859792131,152.78316717548194
9515.637713263915,8882.47053651581,151.1658588309713
9055.79952150557,9454.567581689227,151.16018905594973
10592.610872967165,9770.190292768137,154.00919540700417
9717.692075771634,10540.91252400272,151.13324119239817
10069.977477898916,9509.536000833969,153.26120306579026
9866.88090489198,9856.098562858839,151.9991753364024
10016.533221588594,10229.071237115211,152.2131185826463
9493.90167624779,9309.250493328209,151.19855713656486
9661.994783433069,9373.596372055355,152.591422021101
9465.297468213268,10233.261915334087,153.492034581357
9245.076047523553,10378.725412778951,151.27500491613603
10202.425863898985,10499.862593396603,153.50582449338273
10574.93703574097,9924.312963445256,153.34339434245703
9620.89694784123,9823.029939169199,151.7314535408063
10465.187613339147,8926.78482253711,152.58847632594242
9551.313674062729,10075.205273981313,151.27298260193137
8876.626236923603,10771.435635642254,151.7556580319181
8975.145210214067,9117.861395445625,151.74502591693383
10575.885334908138,9324.432919949395,152.22081933220622
10298.452405373675,10233.933166944827,152.26460999130163
9805.547854360357,9639.915602879259,151.78218452167388
9778.528833862916,9699.684189867132,154.5574808686472
10231.023959753598,9872.35386848676,153.0945938866678
9959.646795449891,9541.063477034428,152.52106376213666
8896.706973643564,9602.13696149683,154.7499067151402
10337.313640355263,8974.531631954538,152.21636064336215
10038.749559474865,10255.040517562446,153.2779165090927
10265.085043580635,10795.669007922637,151.15648762613836
9294.67634523698,9860.913006912722,152.6780157340548
9778.204294986977,10707.228747854284,151.89284051804475
10734.638529440517,10112.229563323177,152.5554188533724
10540.544564603666,9245.313258175578,153.3770543972081
9486.305890493328,10045.268935770742,152.97299772747922
10802.263991823267,10706.353296015743,153.01942997461043
10708.50954468153,8888.705478064589,151.9237540137206
9507.876632946425,8913.974973251467,152.4135196200107
9977.107975514185,10424.449483421402,154.93293859113896
10191.870950867687,9793.895125575506,152.45156644412032
8977.860494951554,9512.050059968315,152.44461814450503
9345.083416564818,9897.100142060355,153.0179703843123
8896.197913508993,9937.87373534866,152.68072094749738
9452.69705905953,10555.466613942632,153.29136988126996
9846.819544198686,10740.696609518192,152.1145041097018
9115.211948265029,9073.0999441572,152.65290178581319
10821.326886483595,9640.076162140107,151.29713845239596
10087.283500597458,9629.664292454396,152.0342912456741
10617.13943319206,9216.200083045507,151.31119974579784
10593.249413321217,10708.883297375232,151.9762151992068
9835.742998497124,9619.427760926692,153.0245113209055
10122.045413691903,9714.711349529554,152.4113600379342
9467.50203281577,9471.044865994058,152.95493560020248
10368.575574932918,9893.694009123825,152.72907179871515
9881.761757671118,9284.863513923585,151.62089522869073
10699.172982240065,9496.009665750616,152.97468910231834
10511.318350972137,10405.912353643114,151.81741567942476
9161.45545874355,10168.444441765463,153.99303505552626
10350.457605608743,10754.722438098786,154.77947142557673
10327.568776096927,9202.137733827694,154.17282545767688
10096.883523254777,9089.714481183708,152.04837041224798
9494.84102681881,9738.381029171687,151.57427621424054
10602.036974943936,10765.229122453653,152.50967721064447
9118.289260383432,10330.495292012758,152.35582345635552
9640.66317864333,9869.246021903124,151.50700504541123
10265.643754053222,9633.438639044349,153.34500944406702
10426.686488343206,10128.56164351426,152.84063192828418
10563.380294481363,10223.774270073245,152.68195270809355
9414.315969820165,9388.392711949491,152.84606416319906
10064.813444481964,9002.968071921578,153.3130699161014
9152.3046932677,10301.509879312143,152.25297265072993
10158.978835728578,8904.18173379441,152.4625910915143
9059.800860642457,9500.284903172802,151.59377988726288
10580.587710533075,10614.463043969943,153.9340796248485
10211.961263466517,9068.016943664185,153.39111681750242
10058.839675644307,10607.565258007451,152.1131164796708
10004.866888823599,9591.959425217883,151.59261286819367
9994.151263109823,9411.537738625655,154.7583363307574
10056.615298304807,10236.63006218938,151.569314290102
10647.16919686514,9185.491589308276,152.13382130752507
9142.6957865142,10523.859436920939,151.64282306957887
9155.657992097942,9781.616500058539,153.2379215462989
8927.740581047185,10704.86878927011,153.3072878885388
10726.585140697956,10362.299311091861,152.79841472374687
9077.75648735715,10092.53805183023,152.21634873067381
10549.623870109866,9201.380904261625,151.54845430482928
10524.317661110637,10639.895981359052,151.3375620013394
9444.063611331,10693.978786012594,154.38509322101152
10816.112380660275,9797.83705473515,152.94774962865756
10247.909897018222,10217.747824405686,152.6817480325963
9142.513273932867,10711.077732923754,154.54940318956076
10812.146881842778,10245.511667401574,152.65832984329953
10428.63645082863,8896.103879709179,151.99955602636294
8968.455847579695,10068.017465805937,152.66683322307105
10213.645413440805,9705.568357698816,152.63146000369665
9761.200771682677,9341.490357923018,153.17242325419562
10027.200660876517,9054.836467775287,151.33631400185268
9673.276119180833,10632.504679838636,153.34410867859185
9400.036282737461,10734.776585418129,151.11281089931302
8913.121663030777,10520.006030290951,153.3459300393741
10172.374349254313,9574.138586994737,152.28771861771634
9859.65142314068,9565.791180277665,152.7382442951456
10411.061877978278,9902.44094367303,152.7912838712859
10296.342279400571,10210.77010139018,153.6708934310501
9907.592951906603,9339.443956965866,153.55985496241433
10355.601330862642,9309.169558075166,153.08256038478132
8902.243188377335,10644.565487912445,153.37907282067428
10595.551357276425,10255.766521528789,152.94999659759253
10806.999186841047,9795.712883927785,152.90067503819824
8912.076166166005,10566.822642024197,152.2068825761495
10557.339001780792,10309.094327819965,152.67153271139364
9833.580878495744,8918.142423540048,152.14305299283805
8890.75574572363,9753.98179708153,151.85532600134437
9993.96953372652,10182.973343236154,151.8930524415552
9487.115236544856,9784.347089324192,153.1065703288974
10214.523894679316,9215.071798282603,152.89630943497002
9331.518246526819,10446.347859262629,152.2761548969495
10069.533812185302,9619.338823749253,152.7024728663536
10244.789912221908,10407.007544938244,153.3375097543163
9741.392703085587,9890.05078198466,153.42179092634098
10565.123599949504,10132.941234615393,152.59869803434944
10329.473330569192,9937.696070702523,153.54659238219767
10470.06327974929,9941.241064823553,153.87177324304847
10657.707556310323,9480.7099503441,151.4925600643049
10575.287298234656,10486.828641202526,153.65275073526848
10732.705097693835,9369.548506088415,150.82578417064508
10600.921300584965,10218.17767780523,152.91189293942614
10165.566536459648,10745.342330446223,153.1512527618047
8957.81864921868,9448.726649949474,151.75822899473619
10561.97679125097,9970.204800826155,152.27972683564627
10218.266845594453,9737.619799991866,153.44477944215927
10727.736424871622,10682.444023340353,153.97840530283662
9616.974760568864,10501.216126170215,153.29593421013408
10026.806570968616,9030.504746468254,152.9873289760958
8965.248992463961,10336.422289598022,150.66242420063526
9360.55613915285,10097.352653743596,152.6034322500298
9586.15434775725,10247.899233927954,151.6740119146697
10553.005594443159,9336.44166068838,152.82948861648077
9555.674683920233,10337.273572518285,151.31573196790154
9950.698429814578,10466.557707028474,153.60011378162628
9479.893241083802,9599.829804102172,152.54464723989085
9917.600113732933,9564.120021288814,151.80053097083942
9992.393243566174,9223.286998386617,154.54837260230133
10058.336860786088,9135.657952652959,153.45858294581257
9779.874007443126,9324.896681654263,152.4767725540327
9040.552517707682,8913.917211650756,151.35478737703954
9577.965313407498,10442.389801559391,151.84834457318334
10796.787120026262,9985.745336175984,150.49339848981649
10776.771332835271,8957.857373221852,152.45057617033393
10356.56735231161,10673.158407054516,151.30068552053046
8994.529617036938,10132.19970577897,151.84272110426326
9379.560252764171,9528.690525107124,151.62821077322704
9710.344449402071,10476.746068631443,153.42997625615178
9139.730917983927,10036.048389550806,152.13269170831614
10645.372947362737,9354.459000415776,152.95689402658857
9354.54499996907,10092.270825793556,153.04126682208573
10814.935677681065,10745.463120347504,151.63420401720197
8966.818729752129,9403.315200438215,152.43401849682382
9757.036311943695,8974.28487076969,152.21033011046535
10383.049829997191,8958.276344198053,150.74559085025862
9619.542233143959,8894.731540875442,153.2120519978918
10430.22047819189,10120.696286327942,154.07464674675535
9536.433480102483,9572.416403929277,153.31793352592734
10723.18196762634,8973.825831055858,152.50236527873776
9233.385859673948,8961.896107854625,154.1733945401141
9322.40542564002,9586.199306212571,150.99075467003186
9781.84608261428,9686.374156891932,153.28920031810418
9881.859800485085,9473.648058446068,151.1799609470196
10391.439934718559,10652.110429916316,152.216757064133
9812.147173193147,8893.527535219277,151.13893235834368
9518.344556338685,9446.81174552658,151.55766519325164
10029.361266882439,9429.149278876543,153.01434609407414
9912.10356796897,9330.933553697756,151.3775408030732
9444.589540448249,8970.647637311135,152.07742142345106
10566.893777975803,9371.805551409358,153.22201782212895
9953.917914269701,9266.458737410705,151.62222380157465
10555.798382873189,10777.233794848538,151.51595133267844
9963.828393467531,9922.13361986438,152.79312937591104
9524.084811531831,10493.812536291629,152.16897871559559
8981.351709932198,9561.786362559293,153.0750711477131
9692.444552932804,8875.929037034799,151.88451467166055
9191.124349085272,9887.076127025419,150.30307921738788
9777.794270504786,9933.480087478563,152.3659896521151
10447.5979424371,9537.031586900806,151.9533458225445
10101.247223735103,8870.669349402186,153.54289134120378
10518.688889072677,9257.127000258626,153.71679117149387
10535.186069108171,9487.603988696766,152.0231263846695
9223.074512082567,10147.569907061225,151.50786441722832
10846.961038212874,10188.006298651992,154.10363615886595
9385.572269606064,9122.646386602362,152.0992236487449
9409.443791567503,9046.398680462431,152.494750584932
9286.650361002716,9724.551296773365,152.31216924201723
10469.659604870227,9835.726538195793,152.0151513467301
10078.527991316538,9286.761007811798,151.47734990925767
8909.559558494982,9648.65408361094,152.74746796892813
8912.295782695026,9855.025800306372,152.34778841203786
8944.582118379969,10138.970788667444,153.7189383746932
9933.644023350114,8873.37828949811,151.855087146747
9682.437740437397,9730.066436469402,152.6505206365373
8889.27978989858,9530.694069512241,151.91163289132396
9817.86161668058,10032.313797829636,151.53060101123955
10223.849035725232,10726.603773300605,153.17900587150237
9823.011474166044,10765.760739220286,154.17797536300495
9985.893149555566,9263.114195706852,152.23138128269298
10349.534810322202,9957.314710138418,152.23656314969983
9847.44579333859,10230.901146407516,152.1441877012448
9754.4792763502,9312.805623997612,153.5723203165466
10320.865082043121,10425.179066997262,154.5949457073539
10031.11609518604,10548.581896034912,150.9751070277926
9930.262340539013,9093.581195573164,151.93299347131799
9512.000527370954,9806.362910294773,151.5782027315012
10804.767051844603,10415.554172046772,151.24457414097543
10519.132887297601,9485.690578280346,152.91064060326133
9370.321822187938,9890.527664441826,154.3038171425323
8981.778781976733,9218.656904181746,151.69488770305796
8954.690838790537,9677.96972705417,153.3354695581627
10131.8681168211,9474.877862025856,151.44604539651087
10040.468135601397,9803.298710710013,152.73709294064642
10372.428048003514,9239.490842429585,152.18571629208566
9315.640212350014,9693.88268531214,152.92476952262825
9265.892923510768,10289.501068988056,153.12490658241197
9689.463831093395,10489.641852088225,152.6825397588193
9944.68775062762,9670.54970182172,153.2873395813579
9850.824276701493,10463.613585010087,152.58875308659412
10739.45938200118,10711.431877600155,152.51009235930852
9863.622581229114,10520.919177131482,151.53389089111772
9553.311088738781,10208.13206730432,148.83496607555517
9979.165157403642,10671.00837322433,153.25977473436146
10326.676778908555,9290.994338732728,151.71606661528412
9032.33304796397,9225.020372629133,152.38648883347216
9196.672001644132,10620.269629764622,150.68372375325777
9664.68181891202,10573.492484550205,152.67476877731298
8886.0103642979,9690.349913199974,152.47450348603925
10093.883046191646,9002.23375383624,152.94639524820738
10144.651773098354,10054.236412137776,152.09878366688093
10377.439269745806,9474.624961083657,153.10699540593802
10419.622692212137,10091.088938881167,153.32438612964737
9776.862088712049,10684.4703824313,153.23321129124432
9458.705504661217,8969.936617280902,152.7273408364724
10780.64532654473,10758.216158390838,153.00280201450943
9136.18690209297,9076.954523663622,152.3988933050234
10215.725419242854,10745.549252422115,152.8661068666559
10541.645079179847,9032.51705605979,153.0247427599044
9104.631376116786,8964.710812322557,152.81837385981024
10158.89756700378,10369.91153712046,153.62763482897927
10630.571109114306,9915.063631223102,153.80692668135342
10642.221715979216,10238.955280041646,152.05905759345583
10785.861137507392,8966.072581372946,153.34444706812894
10518.784927668834,9396.184733998789,152.9513678277609
9270.087512731721,8929.129102419654,152.08218216461114
10355.725506673089,10102.141565960366,152.59524379251258
8934.110115817937,9912.211409475016,153.13459420987738
10298.73553959055,9824.937858125675,152.90535032291334
9674.935149574832,9838.266658867415,153.8112965150486
8963.917316726525,9699.694629296057,155.12940576744418
10055.95608331282,10077.747379560855,153.0469234786836
9772.869151031544,9257.198593800613,153.44021559081887
10107.462880229876,9986.404963517536,151.6075294519375
9887.967188294964,9919.51752365948,151.59007893420048
9089.385572141086,9457.149087792315,153.55329674774882
9220.35158095477,8970.55422259503,152.380940710022
9900.534811469352,9108.989139262168,151.90903633855163
10055.670985234721,10492.131444424424,155.7655288056527
10555.967757405273,9407.144784347718,152.23158331796006
10342.262809606837,9792.057685941794,152.1535285226664
9327.34351991475,10201.23729091975,154.0070596789868
9461.370607259116,9148.480690725151,153.93110842249686
9271.14380693531,10811.06327102231,153.4059713999172
9555.497139353994,9861.873840705952,152.9655130021011
9729.55604206766,10591.108937432793,152.46851453937705
10599.103525597804,9075.864404530412,152.38059574440757
9132.860523995538,10336.168937539509,151.43828566743548
10009.05253245995,9119.599392160957,153.79508605121714
9512.219998814273,10345.455858889098,152.62277392455434
9208.732665506224,9017.33875175681,153.52772351982804
10016.837499046107,9128.088929291931,153.8523024121978
9123.216145883833,9042.851170987973,150.60867098153903
9312.693183724745,9871.234559875213,153.30859818563493
9274.074066249805,10626.509570136073,153.45912173917253
10460.94516382635,9897.503680081942,152.12773477326823
9642.589448498904,10120.652241827442,151.00162073718542
9409.596189566328,10831.006644961231,154.3860628904136
9163.779952841478,9904.49082270249,152.50716873096815
10215.226814817033,10565.18147547642,152.3237953135956
10784.50740964996,10441.286878771534,150.9816156360103
10510.69021431229,9334.798314443111,150.26087565097762
10161.227425469062,9516.895270656876,151.35915918183426
10416.175962898744,10500.656011117073,154.95047215588065
10639.051505924272,9719.893038660159,152.66068811887945
10556.929884818128,9736.93013639986,152.25449026067017
9802.24068051752,10351.931245304115,152.29526957057354
9765.815524667365,9276.738945538791,153.30902094784034
10576.467712868733,9581.691955793161,152.8541932463237
9081.524962746777,9217.320795518503,153.81562211573703
9594.08024649829,8928.837975485878,151.20774831267877
10108.37602188687,10221.431671219241,152.22988708320102
9649.678627308169,9568.091760804631,152.54675042599231
9013.553713708761,10131.615056704522,151.03642218844982
9647.238770732904,9447.510831912841,152.66031141660395
8910.229160702836,10161.334406830616,152.54453021171534
9432.663200957797,9087.37191528935,152.09891314749925
9546.952054993968,9407.670952035971,152.4601838058858
10280.57776552765,9225.9031739965,152.7084382879285
9584.998181198956,8966.54569491548,153.42561927623478
10813.275966156489,9954.373819498149,151.841535935703
10416.717852052056,10119.967150190678,152.64423780241765
9964.630909537456,9420.44993920734,152.50180874887553
9096.050741282994,10702.225947059202,150.4856012606876
10463.499961231813,9149.25761295773,151.33331622074974
10292.365483365944,9155.652326862997,151.9156232921279
9920.436288029205,9283.581898594857,152.03803587646544
10656.784429565416,9331.325217226335,152.29949138265673
9037.212123143581,9164.789601626999,152.394740311965
10442.812429890128,9216.67039048326,153.06488866898346
10374.149461396148,9029.676958219128,151.711228203502
9716.776665927724,8886.831126171743,150.58955235100328
9745.052605323655,9973.854481400254,154.7576467836388
9284.893319857942,10483.101135833525,152.970391219002
9703.546716106392,9023.98343303549,152.0353072933873
10607.066580651002,9364.177050345765,155.53450004010313
9206.772511579094,10221.282391226929,152.8839783204649
10453.007885039142,9242.50582585172,151.74535779706335
9732.524377999971,10789.354810608733,153.19660559815824
9995.881361397938,10603.629903613413,152.5926188883692
9202.930546819427,10566.49259641411,152.90268831110578
10271.272063123775,10128.66868151871,152.8611521151597
10418.946909007744,9188.423374733979,151.27202202308567
9887.123082423046,9318.724587614917,153.83632298762032
8956.687278608366,10186.071161780736,151.1548937905497
10381.262352628793,9053.213081672411,152.1345737674474
9172.729018837714,10235.338538312295,152.5531529999416
9455.10976250873,9627.897660137987,152.20667454805044
9096.472377148826,9067.8008146729,152.60299950841647
10727.9163372368,10482.452090796032,152.64515777686535
10311.364110906294,10353.803021572756,152.77113705286533
10485.806928327793,9282.279679272986,152.2300411403539
10005.74841622336,10652.417193605548,152.35614017632923
10683.263515160328,9331.643932177903,151.475205371484
9263.380959862667,8903.895424446337,153.54160883364173
9034.856818340319,9524.845589705741,153.40087554493442
9994.87291406056,9562.074409326568,153.60427076249184
10431.200578833834,9227.55273423306,150.9093073083569
10324.316044032035,8891.840728437062,154.42343367515159
9293.002099546082,9918.471023082899,152.52966167539492
10666.984068256446,10564.864851964052,152.74432017530768
9140.120572701671,9832.174978438938,151.31832301648325
9854.737727788395,10746.121048626894,151.91852059011578
9252.671088322473,10466.36389297832,152.3579568874074
9980.930080953247,8973.059569177274,153.28523165916565
10491.05678396613,9789.666563822173,153.42966413127004
8880.254471916602,10629.12185854438,152.38398521701575
10820.735327306575,9544.254590085384,152.99380705169673
9519.738528168282,10685.86986009592,153.61267967938133
9617.212463099626,9466.493535989175,153.45731535157887
9606.622849175808,10818.778239943562,151.74069764246306
9894.440873803025,10709.833589437858,154.02735432606102
8982.361977713128,9839.27258386085,150.31090610022736
10282.64574483171,9706.30428344921,152.70057242027244
9703.348241376016,10333.65253520396,153.07793293889887
9750.764452376568,9641.181807506571,152.230684016468
8933.205950443817,10473.76391195249,151.76278834956406
10674.964778036057,9613.70076467157,152.7639386100788
9954.73905393465,9261.084133221433,152.40816310373862
9747.625947606224,8896.102100632244,152.85853916601542
9245.04556021951,9948.402777739038,153.75322641584495
9026.170190667528,9428.482811884249,151.42779585650487
10758.866707367306,9860.963915612336,153.22118081856382
9079.945756491874,10281.599938501598,153.63890731731536
9017.56870343634,10152.145686084717,152.04988829383865
10041.817797157495,10622.981033185237,152.27957179946486
10817.648808308228,9812.803906553978,153.62555629159365
9286.587146862195,8982.558174067108,151.338521415773
9678.554914147931,9536.075425614723,151.16348272863985
8898.451221912977,10568.949276869795,150.80715387446833
9342.19156652824,9143.948256861178,151.47167780246755
10397.480803779095,10126.884991759136,152.22922848158476
10137.71027940403,9786.820839647584,153.42777979512297
10492.4770132726,9430.713875893514,152.54380337686516
9427.87567397759,10615.554449116778,153.00262649114947
9255.17674012843,9372.817513103839,153.4067975970402
10536.049527956497,9176.445334151691,153.03286885887263
10550.508782267138,9813.77335273191,151.4275663486934
9919.51316610631,10314.146352277943,152.11986077799585
10495.165356370408,10797.668454421628,154.20181613323774
9906.276989247577,10791.37868908898,152.65729954167514
9269.476808902073,10141.46959989732,152.12086653031471
9762.325332829269,10451.972481478011,151.97648708997147
9705.976938133443,10216.510683510425,152.6351831389024
10811.573032325186,10809.39283836229,152.0926572096704
9660.554391579073,9832.32170246487,152.8449096296464
10600.88287998814,10360.240004815434,152.80813436683042
9115.11381249097,10147.774544934504,153.5593184090577
10563.12003739466,10599.507547557123,150.31992606900715
10161.386295538738,10302.111244812473,152.27237648683018
9148.791722433432,9935.515532085865,152.61445523065277
10027.657835849855,9611.510473432747,151.78755848906937
9843.563682370723,9913.120785860088,151.31961011078022
10519.766219052168,10824.09335509942,153.61590517693145
9136.902969021272,10541.73620693941,151.31395493093564
10264.536586963495,10379.002256552789,151.0830816942884
10687.72593685587,9612.184551938413,152.5145671248672
9612.542597933769,10711.79407693976,151.91676944376752
9583.818975887116,10690.763128027796,151.65378386119275
9104.909073604485,9565.886607034956,152.57661008895576
8914.579728655497,9545.928602590397,151.08501431970654
9897.046376170943,9640.226910260779,150.33947638990458
10438.055257370186,10419.04616443095,152.69098737624938
9048.607407339645,10803.428876020378,154.69919319035247
9324.305367631474,10759.582916962056,151.31779460292427
10111.049412155471,10090.892747472919,151.98559560145895
9069.553595387446,9142.472604196173,152.88829654269256
9591.111559579296,10004.31841113235,152.31586109637416
10109.669102724436,10818.365012066213,153.05820261477442
10150.25003930304,9659.649949666808,152.12983690855575
9345.316125284155,10632.824033382383,152.4646612969342
10342.438871444767,10352.794008742196,152.46775808676125
9261.743440744001,10215.40216422729,153.79925620104734
10585.900754122446,9992.090059363542,152.0682922658959
10782.884712122262,9581.31140286239,152.63258683868364
10491.955407073585,10281.72298951942,153.0196726612701
9438.75061795188,9391.841057768188,153.45784357637856
9487.284422333321,10795.73587347691,153.29816125223132
9599.40616127798,10038.683245266826,154.63000471102688
9920.607892233496,10632.797119553734,151.3382639014308
10509.511565590268,10275.467831808082,153.470624074399
8982.425086784855,9859.194157130607,153.12458605714755
9414.940084453494,10140.271607098057,150.89287839629444
9175.87468789132,9157.118255466265,153.60875804000432
10347.549898804773,10797.756569287956,151.65437981782043
8937.806241165974,10653.703841381473,153.66123599208862
10115.890916620021,10107.016155333496,154.07897063138438
9189.398281245529,10116.596912633238,153.80074449711938
9666.031731306533,9386.693190827255,153.38593552432354
10268.114576207088,10628.98956278666,154.5477214019098
9387.821967854037,9186.354851177923,151.89461207070818
9298.181862044577,10035.969697195638,152.2538930627856
9888.341715768087,9152.856407335765,153.93121182388828
9463.64836764039,9189.376594835729,153.62620309191917
9068.321289254009,10639.892295855092,153.61046207170637
9989.761608596413,9452.257228297785,151.96223699555625
9959.42887422962,10797.130652895201,154.15994811628798
10376.097977229201,10688.087598967904,151.95615480242807
10346.491305526093,9827.607967028342,154.07141820523879
10778.338029846669,10606.916916396296,150.20852695076897
9045.731005079684,9201.27951774463,153.9826974981555
9625.20826200478,10441.231860782267,152.5643268909318
10291.9670010897,9833.130795375104,151.65113594307672
9594.004332409702,10180.208947320234,152.68094837605062
9603.96407257082,9084.120211493548,150.30763761437416
9220.788611916194,10277.339649588992,152.19636297001523
10018.991308840166,10154.307879378879,151.72364453310536
10610.617060947947,9345.341472494198,152.0597360854102
9709.618599016316,9463.39559454114,153.22350905993233
9234.089648971254,10696.167616129413,153.30125565987962
9814.210004487479,8934.746027903499,151.44653441495868
10552.735259314755,9272.41946005886,152.35533299242684
10373.58663345546,9312.032161227844,152.75744273072647
9550.32631143612,9782.807663831016,152.75550483355477
9522.916625146434,9766.521660885073,151.9373435699212
10078.646161010734,9335.84180237402,153.31294625322622
8953.228571572847,10397.756647428196,153.56307696444424
10311.51988583945,9669.448084996178,152.9472044301575
10039.020696857271,9897.513494445806,153.59933483434963
10302.87793307418,10191.388520151519,152.7653490440074
9412.987801292484,8994.776284549987,152.3710200106492
10743.978878182723,9636.483277992189,152.9790841330124
9678.81056683315,9942.399282403927,150.79889081647147
10300.656045185511,9273.408869471457,153.11840976351758
9276.574101320306,9179.040431853724,150.93846539665984
9806.369663688682,10597.549489668507,152.02835280171502
9578.812843932616,10323.198577598498,152.51232559873773
9935.446252946811,10796.57479595857,152.4753620713153
9879.719680793041,9934.23295329474,153.31313292867654
8931.698773190437,9563.260610572372,153.03188101932093
9065.017573733325,10805.976992305277,153.19998132773273
9866.69828099856,10448.324356608011,152.9237318070871
10661.65512848903,9735.388909227846,150.50457900397097
9425.303030529081,8997.203292171711,151.64015863997756
10405.647788269425,9094.643125314813,154.58950287901763
9060.490903958022,10694.628809496817,152.80049167122468
10244.113645861904,9900.86373280194,152.14928059761374
10112.3143130004,9451.784038356745,153.51954419506856
9082.08425969862,10007.275225532017,151.1823239576334
9246.16375818422,9679.599322109949,150.81471538466332
10597.205729535608,10335.676736795282,153.564906738852
9332.47817713971,10167.444814397055,152.18754272189082
9351.644330265719,9853.799048614626,152.54735857936822
9204.900136337441,9605.102816019422,151.65586757273363
9001.165995731046,9277.644408299764,152.20781111859142
9990.447044879724,9555.18033467767,150.85256012052182
10730.346858244715,9597.304105478657,154.00415222074997
10338.641256576791,9394.161154031097,153.2330687962849
9373.207297967703,8873.737448387752,154.30991937269366
9396.498889134156,9907.248808703467,153.25924829599202
9152.42182039996,10088.367832155935,153.46299378852777
10400.354896160565,10301.434243249063,152.95977308986195
10365.51029305153,10008.075656734864,152.57185160625653
9294.6625695846,10412.408476205252,151.95444560528293
8970.13144604886,9849.904432682593,150.77797231294164
8993.400831731358,9424.389113228874,150.79776287499112
9136.95509148356,10276.761720390485,152.40541524386802
10585.750839578332,8863.271936657946,154.95121681626017
10498.04123469427,10811.522805891247,154.6441703014901
9071.192551000076,10589.746508199092,152.2674861207799
9478.630412947143,9107.966871727123,152.52304983699452
10323.174644495211,9319.552026782461,151.90814764528565
10774.665544386791,10443.108661179838,152.69705090009904
9605.463092676058,10204.505774508592,151.9154291016415
9143.45787921227,10111.844998028602,153.73894661637124
9220.841282732386,10188.990464282204,152.3438619352483
10283.28118582841,10393.027802588575,153.41598305595315
9252.160280262027,9327.83688613117,152.9577065616856
10809.443233782606,9113.248112175004,154.8663844095289
10488.022952792451,9407.121084344928,153.16542770581623
9479.5238588197,9834.509802583136,153.33999909707848
8919.870239425738,10204.162452876082,152.8218146039521
9637.616430583512,10813.664820423905,153.49395644383623
9504.965638895248,8885.676561892751,154.04004421158558
10560.701775185948,9352.322959151881,152.14768244116368
10782.780086393997,8936.481790188463,153.42324318706002
10799.87413904457,10799.303444147616,151.28526139871184
9355.813541510784,9950.476715733497,152.0223640490144
9546.031897700437,9265.719554075444,151.40405644689562
9321.604406315235,9945.905614061981,151.97229627848768
9358.07660401984,9139.335834797454,154.68917547462172
9821.026454020286,9366.297311961018,150.2125332967796
10497.730528291573,9634.2538364563,152.20959374303314
10418.70258358534,9964.85503023684,152.97953092842096
10129.635750860027,9259.217835879335,151.98838012832508
10075.979065189844,9310.445151275537,152.41252936479225
9473.154150079217,9888.696427324532,153.49598365760903
10178.417473759502,10795.344862641545,154.22015478700027
9552.013555497138,10760.373432626662,153.22494751783228
9600.509355463202,9365.491097022998,153.79421107960707
10448.611297732099,9913.449809735264,151.36634736040776
9828.013434253246,8935.127662483934,154.21667275452683
9613.346902078501,8868.989931456164,150.47721205966428
10837.001695117982,10203.685706193613,154.11692712906935
10297.697681391113,10828.612958615253,153.89904023958405
10828.535609070357,8984.241011963844,152.02075374200334
9509.578786266839,10521.311511448557,152.92032978483354
10793.137230847547,9390.740414077469,151.21065795606845
10631.214935598307,9580.814487084013,151.9710373396367
9583.41919617207,9680.360636341926,152.0363781311534
10048.770530310892,10696.718236791556,152.19439304609375
9352.1161742459,10383.527162394646,152.65051051620995
10043.708968633193,9407.716893668281,152.35640193444542
10496.961462535173,9187.071546512627,151.65279210712362
10783.251089208434,10058.407447902462,150.88268169087496
9967.046012603325,9786.965568765061,152.40305808403866
9409.083689712612,9102.84826103494,152.7556960347433
10077.988283192133,10230.84622953017,151.67199216365782
8892.093641096544,9493.594546728773,153.24552482037467
9646.245862254775,9013.880519145061,151.85697227005164
9699.50408824814,10608.244597289273,153.7456006502272
10650.211392692581,9584.221171738196,152.7353171081476
10427.951648420403,9340.9116795492,152.44845115498725
9568.032741873618,10002.544806125254,151.8952652714628
10127.758012485821,9365.126637265339,152.86345436462398
9676.931425191953,10650.960421580074,151.0379872643741
9039.283507280752,9637.576416940878,152.77424003214168
8904.095745035382,10820.335171307359,152.66583384780537
10056.998876158852,9148.108381131227,151.84809033873535
9466.800646826148,9582.482767829964,151.30880268245116
9598.229276590106,9916.955983999926,152.89852136465598
10265.367634806444,9350.213967276712,152.39031672324538
9416.294269379963,10792.757479791497,150.92641553537942
9450.900205469352,9713.167634100815,152.71461861214487
10353.175410480586,9021.62301748657,154.02466500519418
10375.820745646563,9018.537145754355,152.10507089162098
10458.731218274035,9857.672642119103,152.45811087604736
9318.302215403844,10492.431008417861,152.5604784737177
9364.418268374038,9704.306245148457,153.13446840203196
9541.596236072359,9145.669794819963,151.2958083046519
9157.101655964829,10178.305542588581,153.0878313575745
10363.078449483266,10679.10119254101,152.07384373672303
9229.899716680471,10298.82857184953,153.51080215554668
9085.468396427985,9163.982487567695,152.45432905527366
8926.227049447853,10024.913681169322,153.0490226283357
9177.033070847967,8964.40305501778,152.115082942048
9036.452962190695,10032.868345427545,152.46376502992283
10782.702607462488,9693.963874282843,150.80107496966548
9989.380366645393,10354.70239961112,152.30901583696786
9705.674041715203,9095.514076008409,152.64453685148283
10531.616630448918,8907.167616067178,153.64656501928133
9549.816736384231,8903.573428176407,152.9443989398543
10686.141740040883,10494.675859108775,153.25808960880568
8912.717577614234,9347.627991678983,151.9190380943264
9272.174312709352,10555.793217923498,151.80702679734517
9869.336018119691,10480.928801383676,153.41975854528744
8978.330018757591,10009.397661478322,152.8925619736271
9411.211091895695,9902.411131657182,153.0202859862467
10351.122296800564,10041.119787675805,153.58229912689714
10014.602664992837,10428.073700556513,150.79541328486627
9932.261793490667,10361.858718871455,152.4661998042945
9838.214745537281,8972.935209888848,152.89300313233193
10273.397155251192,10584.74674433603,152.5219435698953
10623.483285240502,9112.071959557936,153.72861171632317
10633.933029370488,8872.15523935981,152.95931031157326
9665.815966355787,8867.860789873572,150.8043484662381
9056.892575581285,10062.363775116452,153.09046051416817
9474.0247805197,9525.142995633141,151.30857860795578
9424.574355486615,9981.603119266309,153.28195889422108
10501.178194210124,9466.528860978,152.71915289669525
9286.958637160265,9565.872152796645,153.86602872904993
8966.059583205863,9157.691470216594,151.42865353314593
9233.174926232217,9790.513560714735,151.8253841349165
9247.674358702809,10603.204122846904,151.6202354538118
9079.865650397425,10512.241677602413,153.88874708809354
10761.87209043255,9484.273475694397,153.4467128001432
9755.524256868179,10303.136406721995,153.21024685963013
9188.998167134441,10008.953526138053,153.99457986652445
10718.78546107963,9079.493583025867,155.3780424525892
9039.610984498688,9395.66848522966,153.2019044038379
9414.844656157127,8979.054727129358,152.61154337200807
9398.472479842836,10034.63857836385,150.48173088779674
9315.137090442628,10433.436906195191,151.802840153184
10696.823857030966,9776.109824871675,150.71057741010918
10239.23804485623,9505.859159436586,152.58175200567584
10827.631937917198,10420.501853189917,153.37883716413904
9281.906639106477,10376.323134626078,152.2483704554152
10309.347446639395,9234.787008700529,151.47593814753526
10537.075776601207,10211.564913530015,152.5014950478412
9451.175139379244,10612.284581796664,151.05260228682792
10278.014971357381,10469.997534952954,153.31144006187066
9721.024467888541,10828.405212159545,153.43872588287908
10716.660436240478,9854.530322271383,152.1263586836132
9076.489043478326,10103.117564710614,152.431281577244
10381.094717748912,9233.556549800962,152.83080773461003
10556.325028540812,10129.718254510704,151.49364467334976
10455.223976499621,9978.586339170135,153.0127834218004
10830.024175686829,10514.266285553831,153.11952765021255
9533.119654338856,9070.086717187562,152.65748061410875
9263.743436460421,10278.793383491899,152.08226915146892
10812.482563816113,10225.249415762668,152.55883643244604
9598.53478312653,9360.579972071624,152.18218287558673
8877.819661756299,10581.103291225128,154.4203035070386
9251.47399275675,10326.177905548955,152.46770248924
9440.3572353268,9746.302910602366,153.22624635661796
10048.236754503883,10780.951657943253,153.75994098762152
9104.076097866888,9509.566510236422,153.57483234035274
10442.012564981052,10212.675116085684,152.18984384765787
9021.436478302787,9849.436876499882,153.97148425694692
9283.903362883286,10528.46287318978,153.22339689146608
10305.070317035983,9994.686790327238,152.0808507832449
10284.528564613605,9760.915775211073,151.98096408300802
10702.945859047777,9121.00296947913,151.41271766338465
9352.429169162848,9379.108322505019,151.75684295878057
9174.008776204302,8943.56173646779,153.21718327554234
10004.602374219641,8911.709347479831,152.537884712243
9658.067318103791,10107.867502787103,152.81383223382971
9081.034988414303,9840.014863849021,152.21393428173548
10083.036781451885,10175.295532855682,153.51443084052738
9882.671727881636,10082.221471109344,151.65417413594966
10349.060298475406,9566.823239929756,153.6307209180162
9272.718387693953,8931.450363646516,153.4291723115718
9977.317151577772,9362.553389088529,153.62287153088243
9886.279120029412,9497.532965082723,154.14483423956224
9603.815561338484,9178.030554972314,153.2356890566094
10307.27627832684,10644.768206263241,154.17776629704758
10572.919586560718,9549.642598605136,151.38539752732456
10552.676785575335,10271.521153375694,152.1237958573889
10400.393359688349,8960.338449696272,153.1262061559001
10825.995337380533,10204.110953472908,152.34382768410993
9339.06809269666,10545.38920840142,151.9891719352093
9695.24509688498,10089.145900498374,153.71531386434188
9699.915499401708,10709.83392790624,151.06925356632016
9965.445119543365,9457.902882302049,151.09603874345314
9449.114640600124,8968.77148907761,151.4340718826648
9661.688547174355,10565.679851432604,153.70372005024734
8937.62717945597,9524.268866519107,152.1858479818484
9374.672125623569,10121.600970309446,152.96655132788402
10302.454506900802,9121.989899876637,152.3815069105194
9904.350996393881,9146.568354734996,155.91992630108095
9918.934062107075,10804.975758010407,152.5304734980518
9698.333379675427,10515.268509436295,152.32225889436833
9043.250204208216,9495.627659595026,152.41946278644343
9814.471011162097,10251.665979329926,154.35511396701648
10255.033448275615,10488.28312164227,153.40399093591452
10657.945103712176,9010.948535358317,152.9231727953092
10000.630864922006,10025.859844990833,153.1075140668946
10491.144799561931,9239.66782767692,152.2675032671642
9103.599834980652,9023.799766435623,152.5920760463662
10700.52632846431,9472.332020803877,152.49381451185565
9063.316775468023,10209.531352153599,152.49523006999178
9832.371221712865,10711.77270023457,151.2893878479419
10159.161393388476,9380.963959419207,153.20296879422176
10007.818241922945,9530.34942590104,152.77011037548303
9902.242662186569,9908.062740930716,151.00032578280153
9769.56537787981,9407.566180467033,152.40989090857576
9761.166006456293,10072.736654417917,153.51854435966985
10475.08777706065,9151.150851232269,151.39008625605575
9977.029791440416,9760.685215668207,151.93786094855076
9802.797629225064,9817.901653324596,153.44854857498407
9571.290122633387,10397.77109932139,151.9885381611936
10606.631539280612,9077.441483381826,149.4826320183096
8976.389628848203,9596.615556291643,150.67352341443925
10322.055681154836,9580.80730416883,153.26956886789986
9507.581460345687,9086.30607224265,151.93982740673607
10716.237507397875,9698.676866033256,152.27316483432307
9855.631229542936,9074.931533955389,152.99623664557808
9318.096228945615,10081.994567883272,154.0648818451449
9537.831535825559,9012.8961616979,152.96717317602983
9187.428060762251,10730.703212372788,153.05303861179644
9724.91155012051,9344.583591360713,151.92701046577977
10019.234033627683,9598.715899199036,153.45593713918143
9747.622003452789,9869.988301305488,152.51748738202184
9801.868170208045,8961.684333278226,154.32376695228012
9836.66334127196,9823.253017226001,152.25254209074942
10383.991184112363,8868.818366645131,151.84108192032977
9487.833079910606,9280.685258555433,151.41260544386586
9002.274852313549,10803.376483928501,151.8400274489478
9224.163800038692,9548.69602362382,152.75245436791553
9983.65058355925,9082.337683108899,152.87172248076521
9812.546173156867,10083.956561030778,151.98466156204785
9062.458066280578,9997.044409443659,151.9543116148794
10020.54546852402,8995.24201332493,153.031244292294
9394.908045173315,10072.235913769551,151.4185250053492
9835.381686452964,8974.006095317653,153.13219733148395
10465.076881628667,9375.833276369947,151.60962937523794
10709.839272317422,10277.703873809642,151.7229825242951
8998.13829829574,10502.035331124704,152.33833678758245
9049.106770933273,9570.410418723952,151.44685427743468
10175.159860547017,10742.65871515265,152.6479162722258
9231.269958215627,9789.492018147394,153.24564119440035
10146.35777522151,9056.266311636924,153.51003729238514
10198.493968635492,9766.539930300465,152.79496199741882
10814.646582033274,9212.43376536546,154.66663627383372
9987.574878366335,9272.334766194263,151.3654127478762
9772.862645136523,9291.218738150692,151.71843633087065
10578.299512046558,10686.937572783476,151.73257790844445
9120.025482544366,10533.859923690643,152.62842566759684
9736.77714489875,9558.220695350072,151.86747007436622
9038.753577560512,10141.254504269313,150.47093755495715
9471.662640150755,9726.0859657539,153.54751224847794
10279.16390709057,10750.927279479016,153.12890350575438
9132.064385364863,9002.18320517386,154.2483886733899
10287.124737450173,10487.083767787877,151.86025386422182
9931.337351706927,10724.08581963692,152.60918537286923
10371.001928316064,9787.93542918275,152.57525776741164
10468.131564138866,10339.113884329354,151.59748068498448
10160.51543394392,9223.877916200354,153.4824781824965
10205.595843463272,10100.819654112485,151.4029054382295
9256.854525024217,9613.565190071242,151.30661192277313
9522.903379124675,9701.7117752645,153.39951598650242
9588.682386222436,10065.67786449319,151.33380003844485
9537.694594574914,10061.378442138594,152.31831754034957
9012.833312495934,10787.589402353446,151.6905028504697
9071.954920389691,10360.340189962568,152.4031898932588
10486.07532942401,9278.630053880233,153.2218434555248
9784.86158859336,9355.610285686966,152.2701292813706
10020.33630568285,9601.98913660887,152.23682520123108
10076.306436068695,9328.37388191795,153.86383487782754
9671.49260190691,10479.686005442987,153.71765958986288
9056.68971942714,10370.845982834588,153.67691695653414
10368.137041297412,10572.149426239317,151.68438963317024
8948.759595054527,8918.581579809015,153.38905402047024
10391.89232636777,9301.27263237372,150.44067427074302
10246.879748008796,9316.508115179398,151.60511293272975
9807.674293573833,10695.903834771321,152.7344378423681
9429.507892127604,9359.214089512068,152.04498606654607
10072.6587847578,10572.566617308083,151.91057123481218
9019.480072938572,8898.729424717,150.16190319891825
10449.551929224737,9423.337520107414,152.213779857126
10459.590303707992,9392.651045013423,153.03065800747518
10727.723858255244,9978.542851794924,153.51955427772882
10011.044048789357,10205.257460719522,151.68414892529643
10481.508691411651,9580.75151022787,152.69436270268116
9821.640084715302,10609.93921390809,154.1755057429882
10307.12361150037,9504.30497450532,153.79774368747184
9873.309325790873,10078.17063942941,151.53104574055033
9836.346997804363,9371.898786859605,151.50341729664387
9318.26286703416,10794.201265652835,154.10830480789232
9699.188178338361,10341.904807714796,151.99932068934166
8988.458624164861,8964.547074436681,152.954078517511
10094.530050156909,10141.009115221497,151.92246877013858
8955.239070354115,9954.200457558432,154.6071749918589
9439.021775174884,9178.1782916701,154.75604090160323
10499.244024375628,9569.497541795574,152.76068323639862
9739.929087440598,9225.363426005375,152.71893527195243
9585.15813029649,10771.214425664912,152.41755233306796
9990.671649225598,10051.077325602508,153.29889064408047
9334.240661375747,10598.270001553592,151.47274294247822
10657.17461985498,9682.179762628975,154.0185677674166
9943.013430886827,9594.474416021503,151.58435721805253
10274.924066849726,9592.487616686427,151.95354287970505
10166.631779317984,10523.347187274994,153.20923931585062
9402.096008578099,10190.612258177933,151.2523212104678
8929.752562727124,9267.854952460038,151.80688578194884
9895.142187387595,9652.187648170933,151.13697824273075
9038.33798778853,9448.05616185944,151.9075491783428
10743.584722090274,10180.934635159681,153.05892341173265
10016.536037945089,10779.378687456385,152.871392917421
10534.627316186255,10385.802995179987,154.45007691685672
9780.58774584992,9120.563953956647,153.0984598970353
10308.780440497158,10299.720047038662,153.26949627170058
8930.222638542296,9972.629625322566,150.01102785322988
10060.66391141082,9187.087425473017,151.89613631805062
10747.821394105842,9067.37487081817,151.09662022387317
10773.08090489781,10715.143797399453,153.69471354915385
9757.683081336618,9815.46428251556,152.56957591888423
9872.572919020338,10154.907240155906,153.49398201572956
9988.362716592406,9959.633609192042,152.15621430995046
10515.055068363263,9819.138915092977,153.22772374467155
10606.30206950547,9637.057967494287,150.3200899433686
10297.997581966782,9267.408995448817,152.54775463230092
9443.625251524662,10511.793991466828,151.56206506545772
10165.250126712006,9396.27888026574,154.2260339972408
10706.278030007481,9769.120593470236,152.0753375154262
9757.59128528265,8991.214792278895,151.81111771012203
9613.359983229559,10732.276394917348,152.34831186653454
8909.334720694013,8985.0636693832,153.2159392182995
10480.327798456747,9943.401317738755,153.8612755971422
10543.294656041073,10409.41252504511,150.73388440182796
9782.89491413196,9781.22369246196,152.29177703225236
9118.359595673326,9924.44885045011,152.19859273365964
9936.240252141828,10367.646581889336,150.7935615207114
10149.041704183259,9618.550679036593,151.40985037537698
10062.819188443471,9471.220341586375,151.98643850509563
10098.100249855204,9656.418984778826,152.12448046965625
10649.453561393233,9132.157017328193,152.63344403676976
9451.343382946285,8903.53456253677,153.81831942192164
10328.673659088605,9047.775187356772,153.7603639188608
9922.167937828375,9446.769839122662,153.35191593195063
10182.145688778175,9350.178528443283,151.45875478000332
9447.16151090867,10254.163837898634,152.26810657834938
9246.983855245475,9879.5007576272,152.7043358291676
9741.855410550845,9049.832897899989,154.72597189072073
9552.041895043234,10009.44254614982,154.47952933785433
8960.477587307323,10136.879410976388,154.11948253391915
10343.859569405435,9097.334200860554,152.8288628342334
9808.288815524405,9765.48723099796,152.9644209030338
9793.938278886453,10237.715957922037,153.96642239990356
9686.530221332656,9705.400743880127,154.2435387190034
10470.857660564185,9646.421865103115,153.66414870416273
10348.108129040049,10070.213332583577,152.84650653730293
10776.439678591214,9970.911861361321,151.60696435207188
9557.535754236731,9066.312225935224,152.76200640130585
9594.679595425441,10614.263399742016,153.36917270884487
10211.741242137048,9942.064067990894,152.1193270952828
9591.984545198518,9090.615607843738,153.81653501372068
9496.162028570823,10777.97821332204,150.85293246108043
10732.17280158971,9233.646300214616,154.40779299686633
9535.78226880403,8930.012841859467,153.17414452333236
9428.470132489861,9707.88705635101,151.59121963591198
9796.135269016517,10182.54906609183,151.99693059057626
9826.193052654417,9442.564307781564,152.7907299973978
9182.34578116889,9396.179406688456,151.70467951050844
10222.571584067042,10451.71184346305,152.24170296255008
9922.597709437312,9370.244861111129,154.3972853178446
9561.888042589899,10310.43795146933,152.66476701560734
10542.732267543955,10051.832697178808,152.69319278285474
8888.112266377173,10482.226306018947,153.1373191891435
9555.774895554754,10633.297740421398,154.0346312671929
9551.37858699076,10257.054613787974,152.40007320723768
9225.715491257366,10233.364689314883,153.6373161246335
10733.202500366042,9594.856133377336,153.13770404341247
10622.923609912823,9602.900818960186,152.6084427667274
9076.060578100178,10612.57485983144,153.77051942231557
8906.994401434134,9428.553277486,154.15046008557482
9118.470523487025,10022.869566185025,152.06775974160524
10786.104613746431,10038.478042797085,153.9328073038529
10675.989062811233,9000.12820184305,152.6886386657233
10031.964642725728,8907.549542868635,153.21904807460007
9250.727009278111,10585.310547194993,152.50172953081525
10216.689175333091,10030.739178585514,153.05105666139445
8886.135208393196,10509.324575000517,153.31669119516548
10221.5125152754,10159.829518327937,152.6052662611529
10628.31837892081,9145.638531052811,153.02338900929257
9954.683182894512,9613.597847201858,154.06121834985484
10011.900856147238,9408.699502172934,152.90493835974843
10258.255364152461,9598.72731164836,152.60521226179628
10191.972775191189,10159.555414965322,152.6141836207094
10533.26002416958,10122.533625410924,153.90775949586018
9598.811876281068,9917.25152844255,152.26910625572873
10595.347149887193,9016.647408018125,153.6403310333936
9697.392947021714,9302.045618174912,152.7800153209344
9619.793749489478,10775.181237771027,153.86458966692442
